,population,median_age,median_home_age,median_home_value,median_income,owner_occ,zip
1,4257.0,48.7,1995.0,276800.0,68272.0,2864.0,80446
2,2328.0,48.3,1983.0,381300.0,74809.0,1431.0,80447
3,15858.0,34.5,1970.0,203500.0,57234.0,9818.0,80701
4,7180.0,37.0,1972.0,171800.0,46897.0,4784.0,80723
5,261.0,40.6,1971.0,152800.0,53250.0,149.0,80750
6,18318.0,37.2,1963.0,157700.0,53077.0,11360.0,80751
8,1489.0,44.5,1996.0,228900.0,52153.0,1116.0,80864
9,20168.0,47.9,1972.0,275800.0,53423.0,12156.0,80904
10,18505.0,41.1,2003.0,480000.0,110768.0,17118.0,80908
11,38382.0,35.1,1965.0,219400.0,45471.0,18793.0,80909
13,25367.0,37.3,1963.0,664300.0,91884.0,13784.0,80209
14,19552.0,37.6,1952.0,482300.0,81093.0,12260.0,80212
15,26711.0,36.0,1965.0,355300.0,50518.0,9265.0,80214
16,34878.0,39.1,1978.0,348300.0,70977.0,21367.0,80227
17,2537.0,40.6,1993.0,315100.0,69276.0,1892.0,80440
19,3158.0,46.8,1972.0,282400.0,58339.0,2207.0,80452
20,158.0,60.4,1958.0,350000.0,84625.0,134.0,80463
21,16192.0,45.4,1978.0,396900.0,107852.0,14848.0,80465
22,1213.0,51.0,1979.0,197300.0,54250.0,917.0,80480
23,12924.0,42.1,1992.0,413600.0,93294.0,11146.0,80513
24,17118.0,35.4,2004.0,348800.0,101863.0,15113.0,80534
25,1894.0,53.2,1992.0,361400.0,76328.0,1769.0,80536
26,30519.0,38.3,2002.0,393900.0,96907.0,25596.0,80550
28,1132.0,34.9,1982.0,390000.0,72353.0,708.0,80624
29,4284.0,40.0,1991.0,295300.0,65739.0,3613.0,80651
30,243.0,49.9,1950.0,194400.0,39375.0,184.0,80745
31,421.0,31.5,1972.0,217200.0,67981.0,227.0,80735
32,25525.0,38.3,2002.0,328200.0,97925.0,22572.0,80831
33,40016.0,35.6,1992.0,332000.0,96284.0,28689.0,80920
34,26706.0,36.5,1954.0,427100.0,83209.0,17776.0,80207
35,55532.0,31.6,1983.0,240700.0,60350.0,33831.0,80229
36,49875.0,32.5,1979.0,299200.0,75772.0,29794.0,80233
37,25581.0,37.5,1985.0,532500.0,81527.0,15547.0,80301
38,29154.0,25.0,1973.0,816600.0,52719.0,10498.0,80302
39,4744.0,49.3,1985.0,350700.0,77734.0,4123.0,80422
40,10169.0,35.3,1988.0,604100.0,94440.0,5282.0,80424
41,437.0,46.8,1966.0,122000.0,45536.0,378.0,80805
42,1241.0,40.2,1973.0,137900.0,50547.0,856.0,80810
43,882.0,62.6,1994.0,279700.0,90313.0,882.0,80820
44,3605.0,37.7,1977.0,176100.0,48219.0,1097.0,80828
45,284.0,51.8,1957.0,99000.0,34500.0,230.0,80834
47,29417.0,32.1,2001.0,258700.0,87375.0,21581.0,80922
48,12342.0,28.3,2007.0,283600.0,85790.0,10355.0,80925
49,33117.0,42.7,1978.0,426600.0,103078.0,28191.0,80122
50,426.0,44.5,1975.0,391700.0,71250.0,312.0,80481
51,1495.0,39.0,1996.0,314100.0,83458.0,1352.0,80648
52,20499.0,41.7,1990.0,534800.0,114033.0,17642.0,80403
53,802.0,40.3,1987.0,362700.0,44833.0,452.0,80420
55,8706.0,46.8,1982.0,466000.0,109866.0,7565.0,80433
56,1031.0,35.2,1977.0,246500.0,58750.0,721.0,80451
57,7578.0,36.4,1969.0,226700.0,50305.0,5358.0,80461
58,55479.0,37.2,2001.0,379400.0,95448.0,43772.0,80504
59,10452.0,58.1,1984.0,435100.0,65364.0,7123.0,80517
60,1636.0,40.2,1982.0,266700.0,70726.0,1389.0,80520
61,22641.0,35.1,2003.0,443500.0,103938.0,17827.0,80528
62,605.0,49.5,1969.0,296000.0,45962.0,581.0,80436
63,24959.0,47.9,1979.0,550100.0,113975.0,21304.0,80439
64,3531.0,47.3,1976.0,404700.0,96547.0,3148.0,80470
66,1329.0,45.0,1990.0,492000.0,82375.0,950.0,80478
67,35453.0,42.1,1992.0,485400.0,97356.0,25305.0,80503
68,4410.0,46.4,1988.0,288200.0,50208.0,3298.0,81328
69,1237.0,54.9,1992.0,348300.0,67813.0,1094.0,81415
70,1793.0,48.7,1980.0,220100.0,52143.0,1312.0,81418
71,5660.0,38.5,1984.0,206000.0,49722.0,4121.0,81425
72,362.0,51.1,1981.0,200000.0,62250.0,327.0,81431
73,29358.0,38.3,1988.0,182400.0,54571.0,21425.0,81504
74,16299.0,40.9,1997.0,237400.0,60863.0,12234.0,81521
76,769.0,57.6,1985.0,302600.0,62969.0,602.0,81130
78,36729.0,23.5,1975.0,369000.0,48446.0,11581.0,80521
79,938.0,62.9,1981.0,267200.0,63009.0,807.0,80545
80,3410.0,35.1,1974.0,274800.0,60938.0,2333.0,80610
82,4996.0,35.9,1972.0,266700.0,57198.0,3420.0,80645
83,2668.0,43.4,1984.0,272100.0,58207.0,1976.0,80654
84,2725.0,37.4,1960.0,138300.0,49311.0,1569.0,80720
85,264.0,43.3,1953.0,154700.0,54875.0,236.0,80721
87,1233.0,45.4,1951.0,151800.0,45865.0,1029.0,80731
88,496.0,50.5,1974.0,139500.0,68618.0,327.0,80733
89,28039.0,43.6,1988.0,373500.0,95320.0,21143.0,80919
90,2949.0,42.4,1984.0,305900.0,76536.0,2602.0,80103
91,816.0,58.3,2001.0,267500.0,73359.0,795.0,80449
92,358.0,50.7,1991.0,281900.0,67813.0,219.0,80649
93,696.0,56.5,1989.0,286300.0,68375.0,696.0,80827
94,48965.0,34.2,1982.0,265300.0,67996.0,28676.0,80918
95,22659.0,41.5,2006.0,585500.0,130454.0,19322.0,80023
97,27719.0,41.2,2002.0,627400.0,142096.0,23907.0,80108
98,23665.0,36.2,2005.0,449500.0,125417.0,19678.0,80109
99,23336.0,39.0,1966.0,456200.0,68091.0,13571.0,80113
100,31302.0,40.2,1998.0,459900.0,118318.0,25088.0,80129
101,28992.0,37.5,1996.0,455200.0,125959.0,22473.0,80130
103,21632.0,35.3,2009.0,593300.0,141786.0,17410.0,80238
104,29264.0,36.4,1982.0,210300.0,48688.0,9236.0,80247
105,17126.0,36.4,1970.0,704900.0,92035.0,9850.0,80305
113,333.0,22.3,1977.0,379500.0,76492.0,200.0,80497
116,488.0,55.0,1967.0,137500.0,35987.0,382.0,80438
117,397.0,63.2,1959.0,255600.0,58438.0,308.0,80468
118,12135.0,35.5,2000.0,339700.0,90456.0,10549.0,80549
119,5873.0,44.8,1986.0,244400.0,67813.0,4336.0,80808
120,232.0,38.6,1990.0,220200.0,77443.0,232.0,80546
121,36262.0,37.6,2005.0,440100.0,116500.0,33281.0,80602
122,13935.0,35.1,2002.0,330600.0,87490.0,11366.0,80603
127,30283.0,33.0,2004.0,287000.0,89592.0,22162.0,80923
128,10138.0,34.3,2011.0,451900.0,128969.0,7639.0,80924
129,4905.0,33.5,2013.0,384600.0,108136.0,4164.0,80927
133,230.0,62.3,1991.0,367900.0,60156.0,196.0,81155
134,387.0,37.0,1985.0,167200.0,76094.0,262.0,81222
135,1005.0,46.3,1976.0,280000.0,57361.0,867.0,81233
136,388.0,53.5,1988.0,131800.0,52000.0,333.0,81244
138,4456.0,28.4,2005.0,260100.0,82358.0,3012.0,80951
139,4483.0,47.8,1986.0,537300.0,70857.0,2821.0,80443
140,957.0,54.6,1992.0,278100.0,76012.0,783.0,80515
142,670.0,56.5,1996.0,516400.0,74531.0,628.0,80428
143,1295.0,54.4,1968.0,104000.0,48750.0,1059.0,81324
144,145.0,62.2,1989.0,183000.0,63889.0,136.0,81325
145,1525.0,29.6,1991.0,152300.0,25764.0,832.0,81334
146,22534.0,44.3,1991.0,206200.0,44436.0,15058.0,81401
147,1785.0,51.6,1997.0,322000.0,71837.0,1477.0,81527
148,9299.0,37.5,1995.0,668000.0,77480.0,6689.0,81632
151,30169.0,35.7,1969.0,128600.0,38750.0,14883.0,81001
152,9310.0,40.1,1959.0,98800.0,40307.0,5581.0,81050
153,1618.0,39.6,1954.0,90400.0,42650.0,763.0,81062
154,3151.0,35.5,1961.0,77600.0,37986.0,2241.0,81063
156,14797.0,39.8,1955.0,109700.0,32430.0,5927.0,81003
158,2139.0,56.0,1990.0,244800.0,67875.0,1967.0,81069
159,77.0,47.4,1956.0,327500.0,61339.0,67.0,81081
161,5439.0,45.3,1980.0,323700.0,55938.0,3814.0,81526
162,11113.0,32.5,1990.0,546200.0,79688.0,5228.0,81620
163,1361.0,37.9,1978.0,263900.0,56563.0,841.0,81624
164,6735.0,36.9,1992.0,195700.0,64748.0,4409.0,81635
166,7304.0,36.2,1998.0,344400.0,90609.0,5227.0,81647
167,13843.0,33.8,1989.0,257500.0,66645.0,9563.0,81650
168,4958.0,36.1,1996.0,330100.0,61154.0,3671.0,81652
169,5847.0,43.0,1979.0,768300.0,83571.0,3722.0,81657
170,262.0,41.5,1989.0,151600.0,40060.0,262.0,81320
171,1244.0,65.0,1992.0,142700.0,33462.0,1138.0,81223
172,3207.0,39.1,1991.0,584700.0,84688.0,2142.0,81224
174,322.0,54.3,1963.0,259800.0,48854.0,300.0,81331
175,207.0,48.5,1980.0,319000.0,51458.0,117.0,81332
177,14218.0,42.7,1987.0,227600.0,43774.0,9327.0,81416
178,3666.0,47.5,1978.0,254300.0,40417.0,2386.0,81419
179,1764.0,45.4,1989.0,294900.0,59485.0,1166.0,81423
180,15325.0,37.8,1983.0,453300.0,78816.0,9098.0,81601
181,268.0,38.2,1973.0,134400.0,35682.0,202.0,81610
182,8500.0,42.2,1994.0,362700.0,79959.0,6183.0,81637
184,3668.0,40.2,1977.0,220400.0,50357.0,2499.0,81641
185,234.0,40.4,1965.0,364300.0,73854.0,200.0,81646
186,345.0,40.1,1970.0,345300.0,59750.0,215.0,81649
187,12081.0,43.2,1971.0,193200.0,53165.0,9740.0,81006
188,1081.0,45.6,1960.0,84500.0,39583.0,801.0,81036
189,999.0,47.8,1952.0,87100.0,41250.0,740.0,81058
190,1818.0,41.9,1964.0,90900.0,34083.0,1242.0,81073
192,928.0,51.5,1970.0,76300.0,37500.0,744.0,81090
193,1026.0,43.4,1989.0,84000.0,44375.0,749.0,81123
195,3253.0,43.9,1976.0,139200.0,36250.0,2536.0,81132
196,203.0,51.5,1958.0,165400.0,58333.0,170.0,80824
197,6476.0,52.4,1994.0,594100.0,134952.0,5874.0,80118
198,13783.0,38.4,2007.0,609200.0,147421.0,12976.0,80007
199,74105.0,35.1,1986.0,303700.0,80055.0,55264.0,80013
200,5692.0,42.5,1990.0,371700.0,78774.0,4826.0,80102
201,3121.0,36.7,1981.0,276400.0,76103.0,1823.0,80644
202,541.0,39.1,1956.0,201700.0,60250.0,357.0,80726
203,9740.0,47.9,1985.0,333500.0,78068.0,8439.0,80421
205,52172.0,32.0,1978.0,220800.0,51461.0,27782.0,80011
206,34030.0,39.4,1992.0,584000.0,109895.0,23390.0,80027
207,37668.0,32.0,1985.0,254400.0,64248.0,20933.0,80017
208,19217.0,45.1,1971.0,455200.0,101500.0,15301.0,80121
209,1914.0,22.8,1987.0,469300.0,96397.0,952.0,80137
210,25066.0,37.3,1961.0,666300.0,77165.0,12362.0,80206
211,782.0,50.1,1983.0,112500.0,46875.0,650.0,81143
212,12587.0,50.8,1994.0,316300.0,52111.0,8864.0,81147
213,8281.0,46.2,1991.0,343600.0,52813.0,5634.0,81211
214,11632.0,38.6,1993.0,181100.0,54806.0,7962.0,81008
215,231.0,56.3,1993.0,179500.0,16007.0,216.0,81024
216,741.0,48.2,1960.0,107800.0,47500.0,530.0,81025
217,693.0,54.9,1990.0,210100.0,51058.0,456.0,81091
218,1902.0,37.1,1980.0,134900.0,44208.0,1590.0,81151
219,2271.0,45.1,1972.0,96500.0,30556.0,1732.0,81120
220,323.0,49.9,1987.0,193300.0,45250.0,282.0,81121
221,8798.0,40.2,1992.0,339600.0,73258.0,7348.0,81122
222,9543.0,49.1,1976.0,365200.0,57882.0,7412.0,81201
223,169.0,36.3,1949.0,51300.0,46250.0,111.0,81027
224,195.0,29.3,1952.0,42500.0,40625.0,184.0,81033
225,311.0,43.3,1983.0,81500.0,26406.0,234.0,81044
226,240.0,49.0,1956.0,131300.0,50729.0,122.0,81049
227,31963.0,40.8,1974.0,166800.0,50779.0,22726.0,81005
228,1345.0,53.9,1969.0,191400.0,73333.0,1107.0,81023
229,1714.0,42.8,1997.0,327600.0,91250.0,1479.0,81524
231,412.0,64.3,1994.0,334700.0,69405.0,334.0,81643
232,11369.0,44.7,1966.0,149500.0,41743.0,7254.0,81082
233,9295.0,41.9,1976.0,141400.0,48125.0,3823.0,81226
234,416.0,58.3,1988.0,256400.0,50139.0,367.0,81327
235,2977.0,54.7,1996.0,491900.0,64076.0,2045.0,81432
236,781.0,34.7,1967.0,126500.0,53375.0,506.0,81077
238,49.0,39.5,1969.0,61300.0,21250.0,40.0,81043
239,279.0,51.1,1953.0,56800.0,43438.0,195.0,81064
240,1035.0,56.3,1990.0,165400.0,39076.0,773.0,81133
241,2223.0,35.8,1975.0,147800.0,43098.0,1751.0,81140
242,7047.0,38.9,1970.0,157500.0,39322.0,4398.0,81144
243,306.0,41.1,1978.0,93900.0,41250.0,273.0,81221
244,2306.0,43.4,1992.0,305800.0,52109.0,1976.0,81326
245,1506.0,60.3,1983.0,258800.0,55125.0,1058.0,81410
246,5426.0,53.1,1990.0,258500.0,48057.0,4144.0,81413
247,1117.0,50.6,1987.0,380000.0,68090.0,832.0,81427
248,912.0,57.4,1994.0,437500.0,92958.0,869.0,81523
249,1301.0,44.0,1999.0,193200.0,48778.0,1060.0,81525
250,26581.0,36.8,1947.0,108000.0,35813.0,12928.0,81004
251,811.0,39.6,1966.0,82100.0,37500.0,555.0,81041
252,136.0,39.4,1965.0,75000.0,48750.0,85.0,81087
253,3469.0,38.7,1975.0,93300.0,42176.0,1885.0,81125
254,1280.0,40.1,1974.0,118600.0,37670.0,1076.0,81141
255,30986.0,44.3,1979.0,178300.0,49200.0,17656.0,81212
256,10041.0,32.6,1980.0,314800.0,51646.0,5645.0,81230
257,795.0,55.0,1986.0,365100.0,56518.0,554.0,81235
258,1271.0,61.5,1992.0,416200.0,61288.0,1043.0,81236
259,3547.0,48.8,1983.0,204400.0,67599.0,2879.0,81240
261,30887.0,39.4,1985.0,454600.0,72041.0,19841.0,81301
262,14863.0,44.5,1978.0,193400.0,50658.0,10188.0,81321
263,5252.0,37.5,1994.0,496900.0,66981.0,2624.0,81435
264,24002.0,30.5,1970.0,181900.0,38013.0,9135.0,81501
265,12298.0,52.0,1984.0,295300.0,54155.0,8058.0,81506
266,1487.0,40.3,1979.0,297000.0,54535.0,1331.0,81654
267,1674.0,34.1,1990.0,196500.0,42670.0,1004.0,81019
269,1452.0,35.1,1983.0,462100.0,91136.0,904.0,81225
270,173.0,56.0,1985.0,450000.0,60208.0,157.0,81251
272,1344.0,59.3,1998.0,198000.0,24495.0,914.0,81131
273,791.0,37.4,1981.0,118200.0,60667.0,484.0,81146
274,664.0,45.6,1974.0,148200.0,37083.0,446.0,81422
275,1034.0,45.8,1971.0,153800.0,41827.0,876.0,81424
276,163.0,45.5,1996.0,620500.0,97500.0,149.0,81426
277,10454.0,37.8,1995.0,289700.0,65181.0,7065.0,81505
280,825.0,55.9,1993.0,602300.0,85938.0,707.0,81430
282,2783.0,49.3,1985.0,884400.0,70634.0,1795.0,81615
283,17173.0,38.7,1992.0,621200.0,86565.0,10332.0,81623
284,12601.0,36.2,1976.0,184000.0,57827.0,8399.0,81625
285,1054.0,39.4,1988.0,216100.0,64698.0,807.0,81630
286,8903.0,35.7,1998.0,572200.0,101620.0,6131.0,81631
287,1101.0,35.7,1971.0,646300.0,90521.0,484.0,81645
288,2688.0,33.2,1981.0,164700.0,62667.0,1892.0,81648
290,1268.0,40.8,1997.0,166800.0,54891.0,1080.0,80928
291,233.0,52.5,1941.0,107500.0,40938.0,188.0,80749
293,194.0,42.0,1955.0,165600.0,41250.0,114.0,80757
294,3657.0,41.7,1964.0,169500.0,53858.0,2153.0,80758
295,287.0,51.4,1945.0,91700.0,31563.0,214.0,80804
296,784.0,50.0,1967.0,147500.0,55000.0,541.0,80815
297,6371.0,53.8,1993.0,252700.0,63911.0,5607.0,80816
298,30635.0,30.7,1997.0,227100.0,64020.0,19819.0,80817
299,971.0,40.0,1973.0,178100.0,52222.0,580.0,80835
300,48.0,63.8,1981.0,68300.0,70625.0,48.0,80862
301,13034.0,46.0,1986.0,326100.0,77420.0,10372.0,80863
302,2574.0,35.8,2011.0,492900.0,145264.0,2406.0,80547
303,157.0,57.7,1979.0,465600.0,137260.0,148.0,80425
304,3557.0,43.4,1977.0,483700.0,76645.0,2300.0,80466
305,36497.0,35.8,1984.0,354900.0,63273.0,24982.0,80524
306,8291.0,39.6,1993.0,307200.0,81320.0,6602.0,80615
307,12762.0,35.0,1978.0,273800.0,67813.0,9952.0,80621
308,938.0,32.7,1977.0,189300.0,62917.0,763.0,80623
309,682.0,43.1,1941.0,169100.0,54792.0,357.0,80729
310,103.0,55.8,1953.0,266700.0,75469.0,59.0,80740
311,37608.0,39.1,1984.0,357800.0,68701.0,23312.0,80906
312,24087.0,41.5,2004.0,444900.0,124085.0,19779.0,80921
313,1928.0,30.3,2003.0,239100.0,63145.0,683.0,80930
314,34097.0,35.5,1991.0,353100.0,75879.0,20071.0,80021
315,35741.0,38.1,1985.0,348900.0,82271.0,26776.0,80031
316,495.0,42.3,1997.0,365200.0,72743.0,362.0,80101
317,22756.0,36.3,1965.0,298000.0,59468.0,12727.0,80110
318,2794.0,48.3,1992.0,360600.0,88214.0,2417.0,80117
319,36435.0,41.0,1982.0,378300.0,95050.0,29665.0,80128
320,34030.0,32.4,1964.0,337000.0,50429.0,12864.0,80204
321,42665.0,38.8,1978.0,505900.0,89904.0,27577.0,80401
322,2801.0,39.0,1978.0,210300.0,54194.0,1912.0,80459
323,42077.0,37.5,1975.0,307100.0,60751.0,21925.0,80501
324,5488.0,32.0,1993.0,268300.0,67292.0,3604.0,80514
325,4718.0,37.7,2001.0,307400.0,79919.0,3996.0,80530
326,59702.0,37.9,1991.0,276300.0,73400.0,42175.0,80634
327,774.0,44.2,1979.0,225900.0,55313.0,583.0,80653
328,3044.0,33.7,1962.0,165600.0,51806.0,1986.0,80734
330,461.0,36.8,1958.0,60000.0,63125.0,306.0,80825
331,410.0,51.3,1945.0,76600.0,30536.0,344.0,80744
333,1101.0,38.0,1960.0,142900.0,53807.0,705.0,80821
334,288.0,38.6,1969.0,171700.0,54500.0,273.0,80861
335,16237.0,35.6,1961.0,233300.0,49347.0,8065.0,80905
336,41018.0,28.7,1987.0,171500.0,50866.0,20720.0,80916
337,524.0,41.5,1977.0,131300.0,55750.0,431.0,80736
338,4576.0,37.4,1973.0,115500.0,49675.0,2533.0,80807
340,732.0,45.3,1981.0,238200.0,49453.0,538.0,80832
341,29247.0,38.3,1968.0,222100.0,50966.0,15482.0,80907
342,36255.0,32.7,1980.0,204800.0,66559.0,27789.0,80911
343,1628.0,37.3,1991.0,226300.0,61161.0,1339.0,80926
344,25081.0,30.0,1976.0,693200.0,62422.0,12269.0,80303
345,720.0,49.8,1974.0,285800.0,52188.0,213.0,80427
346,187.0,45.5,1996.0,233300.0,63276.0,173.0,80432
347,2229.0,30.7,1991.0,351900.0,54095.0,627.0,80442
348,1151.0,47.6,1970.0,294900.0,56406.0,664.0,80444
349,1361.0,37.4,1957.0,436700.0,113788.0,1327.0,80454
350,391.0,54.0,1971.0,276600.0,44474.0,238.0,80455
351,640.0,61.2,1994.0,331100.0,62045.0,553.0,80456
352,192.0,49.8,1974.0,376200.0,98125.0,114.0,80457
355,831.0,45.7,1991.0,588000.0,87794.0,510.0,80482
356,719.0,37.9,1972.0,263500.0,70625.0,533.0,80483
357,17971.0,40.0,1992.0,638400.0,83731.0,12188.0,80487
358,7999.0,44.5,1988.0,577200.0,77960.0,4730.0,80498
359,1583.0,58.8,1983.0,396300.0,61757.0,1536.0,80512
360,56425.0,34.8,1991.0,389000.0,73289.0,34891.0,80525
361,46271.0,31.8,1987.0,352500.0,67289.0,27492.0,80526
362,2596.0,49.8,1974.0,343900.0,62569.0,1819.0,80535
363,43583.0,41.2,1985.0,330900.0,72120.0,29468.0,80537
364,49258.0,41.7,1990.0,322900.0,69455.0,34678.0,80538
365,40766.0,33.4,1999.0,313700.0,75675.0,26614.0,80601
366,1181.0,33.5,1990.0,353000.0,81736.0,869.0,80611
367,5468.0,35.0,1991.0,348100.0,75864.0,4149.0,80642
370,1060.0,45.4,1950.0,137200.0,51042.0,860.0,80728
371,1137.0,42.5,1970.0,150000.0,59583.0,706.0,80743
374,1102.0,54.4,1956.0,323000.0,52083.0,949.0,80809
375,251.0,48.9,1954.0,81300.0,57917.0,189.0,80812
376,3570.0,54.6,1989.0,263600.0,61875.0,2928.0,80814
377,243.0,53.6,1958.0,172500.0,46607.0,205.0,80822
378,6138.0,43.2,1962.0,379300.0,70132.0,3982.0,80829
380,31445.0,30.0,1974.0,166000.0,39775.0,13644.0,80910
381,28737.0,43.8,1980.0,412700.0,107300.0,24917.0,80005
382,39333.0,41.0,1981.0,262100.0,58386.0,22011.0,80014
383,2771.0,32.0,2007.0,324100.0,87672.0,2071.0,80019
384,50491.0,38.1,1988.0,366700.0,94439.0,35996.0,80020
385,34092.0,36.7,1990.0,440500.0,94875.0,20031.0,80112
387,4904.0,39.9,1955.0,72800.0,29214.0,1620.0,81054
388,45304.0,43.8,1991.0,440300.0,113654.0,40012.0,80127
389,21286.0,43.9,1996.0,474200.0,129009.0,19009.0,80132
390,15287.0,33.7,2002.0,521300.0,90384.0,4173.0,80202
391,36480.0,37.0,1975.0,318800.0,66114.0,24952.0,80003
392,52588.0,33.4,1978.0,256800.0,56438.0,22657.0,80012
393,13662.0,30.4,1960.0,236300.0,60591.0,5251.0,80216
394,23287.0,37.8,1965.0,383000.0,64695.0,11322.0,80222
395,19972.0,34.5,1955.0,294300.0,54797.0,10521.0,80223
396,28133.0,34.9,1989.0,348200.0,74648.0,17407.0,80234
397,8804.0,35.2,1979.0,327000.0,66563.0,4400.0,80235
398,47829.0,30.4,1985.0,250100.0,60186.0,27712.0,80239
400,7665.0,35.4,1987.0,592000.0,85109.0,4392.0,80435
401,2186.0,39.6,1988.0,353400.0,64267.0,1625.0,80467
402,380.0,41.4,1953.0,176400.0,56618.0,194.0,80469
403,288.0,53.3,1958.0,364000.0,112083.0,182.0,80510
404,28254.0,37.5,2004.0,472900.0,118666.0,24524.0,80516
406,3947.0,38.6,1999.0,341600.0,86567.0,3451.0,80643
408,55872.0,27.3,1972.0,198200.0,44097.0,23957.0,80631
409,12991.0,32.4,2003.0,314600.0,86687.0,10750.0,80640
410,1508.0,43.4,1993.0,275300.0,64917.0,1334.0,80650
411,1276.0,35.6,1976.0,98600.0,45823.0,741.0,80705
412,1679.0,40.5,1949.0,102600.0,49375.0,1133.0,80737
413,897.0,36.9,1954.0,211000.0,53333.0,649.0,80741
414,4638.0,35.4,1962.0,214000.0,52188.0,3437.0,80759
415,1411.0,56.5,1987.0,190300.0,41679.0,731.0,80813
416,198.0,38.3,1949.0,121900.0,48250.0,169.0,80823
417,686.0,52.6,1980.0,205200.0,42734.0,615.0,80833
418,1157.0,32.9,1970.0,156000.0,48558.0,692.0,80836
420,69487.0,37.0,1991.0,365200.0,102611.0,56890.0,80015
421,56841.0,37.8,2005.0,510000.0,123820.0,46533.0,80016
424,15861.0,35.7,1964.0,269200.0,52949.0,8684.0,80030
425,31522.0,37.1,2000.0,391100.0,102500.0,24762.0,80104
426,5469.0,40.5,2001.0,331200.0,85504.0,4852.0,80136
427,1198.0,45.0,1978.0,264600.0,63810.0,986.0,80105
428,33256.0,39.4,1987.0,657000.0,110499.0,22358.0,80111
429,47821.0,42.1,1986.0,390100.0,83074.0,34403.0,80123
430,43356.0,40.3,1995.0,483700.0,128994.0,36789.0,80126
431,2539.0,39.6,1981.0,286100.0,69500.0,2109.0,80133
432,19487.0,40.8,1967.0,447800.0,74417.0,11601.0,80215
433,4370.0,50.2,1987.0,642500.0,113026.0,4005.0,80116
434,31891.0,41.4,1975.0,403700.0,71272.0,19655.0,80120
435,35054.0,32.5,1954.0,434600.0,72338.0,15201.0,80205
436,70638.0,32.5,1956.0,257200.0,51082.0,34680.0,80219
437,36483.0,36.9,1953.0,498100.0,82642.0,21310.0,80220
438,34111.0,39.6,1978.0,403100.0,83087.0,24352.0,80228
439,9545.0,39.2,2002.0,609200.0,91071.0,5647.0,80230
440,19230.0,33.8,1968.0,322400.0,67198.0,10592.0,80236
441,21890.0,36.8,1980.0,429700.0,75946.0,11535.0,80237
442,33638.0,36.7,1994.0,339300.0,90558.0,25835.0,80241
443,32537.0,32.6,2004.0,297300.0,76765.0,25324.0,80249
444,34837.0,31.1,1984.0,142700.0,50832.0,21313.0,80260
447,26360.0,40.9,1978.0,832200.0,99132.0,17868.0,80304
448,18877.0,35.3,1976.0,347800.0,63745.0,10732.0,80002
449,36595.0,41.9,1973.0,383400.0,78586.0,25566.0,80004
450,51863.0,31.6,1989.0,305900.0,70557.0,36337.0,80022
451,30714.0,39.6,1989.0,437300.0,85130.0,22296.0,80026
452,25755.0,41.7,1965.0,374400.0,55526.0,12905.0,80033
454,21548.0,34.5,1979.0,202400.0,60674.0,14518.0,80915
455,31056.0,35.5,1979.0,231200.0,57129.0,18597.0,80917
456,1310.0,53.5,1969.0,108700.0,25638.0,747.0,81152
457,3962.0,58.5,1991.0,246900.0,48631.0,3426.0,81252
458,4542.0,48.4,1986.0,248700.0,56250.0,3642.0,81323
459,1642.0,43.9,1956.0,103300.0,42198.0,987.0,81039
460,1602.0,53.7,1982.0,211800.0,47279.0,1203.0,81055
461,5566.0,38.3,1962.0,82000.0,34015.0,3493.0,81067
462,847.0,43.7,1973.0,133200.0,47396.0,615.0,81092
463,211.0,35.1,1975.0,153400.0,24427.0,121.0,81136
464,5891.0,39.9,1986.0,249100.0,51484.0,4003.0,81137
465,305.0,33.4,1971.0,72900.0,29063.0,271.0,81148
466,815.0,54.1,1971.0,141300.0,32105.0,593.0,81149
467,1022.0,60.0,1991.0,268100.0,54922.0,883.0,81154
468,155.0,62.7,1990.0,340000.0,65313.0,155.0,81220
470,3214.0,54.2,1974.0,237700.0,50298.0,2744.0,81428
471,558.0,50.3,1949.0,320800.0,52857.0,349.0,81433
472,15518.0,40.1,1984.0,202300.0,58216.0,11171.0,81503
473,14080.0,33.1,1983.0,142200.0,41250.0,9001.0,81520
474,11154.0,41.1,1982.0,649300.0,85588.0,6872.0,81611
475,5652.0,45.2,1994.0,627000.0,82311.0,3697.0,81621
476,2695.0,42.1,1979.0,231100.0,63800.0,1909.0,81639
477,313.0,28.1,1974.0,123200.0,44688.0,160.0,81071
478,721.0,32.2,1949.0,93100.0,53750.0,470.0,81076
479,15153.0,31.2,1978.0,158800.0,37130.0,8878.0,81101
480,31849.0,40.4,1999.0,221700.0,71553.0,26085.0,81007
481,902.0,51.4,1977.0,96800.0,37031.0,655.0,81020
482,1624.0,40.2,1978.0,164700.0,46250.0,1317.0,81022
483,314.0,49.4,1952.0,74500.0,40469.0,208.0,81029
484,51.0,57.4,1963.0,78800.0,45000.0,46.0,81045
485,1473.0,40.0,1955.0,87100.0,41504.0,1023.0,81047
486,9028.0,37.4,1968.0,108500.0,42533.0,5676.0,81052
487,391.0,47.1,1971.0,153800.0,53750.0,294.0,81057
488,4467.0,54.7,1960.0,116900.0,33167.0,3008.0,81089
489,21273.0,38.1,1998.0,517200.0,110754.0,13749.0,80124
490,10548.0,41.7,1997.0,457700.0,132905.0,9931.0,80125
491,21392.0,32.7,1963.0,360900.0,55798.0,4789.0,80203
492,37087.0,34.1,1954.0,610600.0,95225.0,22099.0,80210
493,35627.0,34.9,1948.0,515700.0,84773.0,20175.0,80211
494,19385.0,33.7,1956.0,418000.0,67639.0,7250.0,80218
495,42103.0,34.4,1961.0,286700.0,63318.0,24878.0,80221
496,18941.0,38.3,1971.0,398200.0,65276.0,10501.0,80224
497,22705.0,39.7,1971.0,329000.0,69949.0,16035.0,80232
498,13433.0,31.8,1977.0,435900.0,56954.0,3163.0,80246
499,4576.0,47.0,1979.0,549900.0,101569.0,3975.0,80540
500,4918.0,35.2,2001.0,370000.0,98064.0,4728.0,80542
501,7344.0,36.9,2000.0,278500.0,80083.0,6123.0,80543
502,42807.0,31.4,1965.0,243300.0,42837.0,15311.0,80010
503,13397.0,34.6,2005.0,370300.0,105543.0,11078.0,80018
504,5847.0,46.9,1998.0,402200.0,111594.0,5610.0,80106
505,13474.0,43.1,1994.0,474600.0,106506.0,12195.0,80107
506,69163.0,36.5,2001.0,448300.0,115031.0,57925.0,80134
507,4038.0,50.4,1985.0,638000.0,111176.0,3576.0,80135
508,33571.0,40.1,1996.0,467800.0,121716.0,28672.0,80138
509,33597.0,34.7,1972.0,346300.0,63772.0,18355.0,80226
510,36861.0,34.4,1980.0,340700.0,58982.0,12523.0,80231
511,19622.0,29.4,1999.0,216700.0,55254.0,12156.0,80620
519,465.0,53.3,1997.0,280200.0,48750.0,324.0,81242
520,8157.0,44.3,1991.0,395700.0,70275.0,5767.0,81303
521,11412.0,47.5,1991.0,308600.0,62633.0,9309.0,81403
523,14953.0,50.8,1985.0,336400.0,85007.0,12900.0,81507
